Student,Class,Age,Attendance,Total_Fee,Fees_Paid,Activity_Score
Aarav Sharma,Nursery,3,92,30000,30000,8
Anaya Verma,Nursery,3,86,30000,25000,9
Vivaan Gupta,Nursery,4,74,30000,20000,6
Myra Singh,Nursery,3,96,30000,30000,10
Advik Kumar,Nursery,4,68,30000,18000,5
Aanya Mehta,Nursery,3,89,30000,27000,8
Reyansh Patel,Nursery,4,81,30000,30000,7
Kiara Joshi,Nursery,3,94,30000,24000,9
Arjun Malhotra,Nursery,4,72,30000,15000,6
Diya Kapoor,Nursery,3,87,30000,30000,8
Rohan Sharma,LKG,4,78,32000,25000,7
Siya Verma,LKG,4,91,32000,32000,9
Kabir Gupta,LKG,5,84,32000,20000,8
Ishita Singh,LKG,4,95,32000,32000,10
Atharv Kumar,LKG,5,69,32000,16000,5
Anvi Mehta,LKG,4,88,32000,28000,9
Dhruv Patel,LKG,5,76,32000,22000,6
Meera Joshi,LKG,4,93,32000,32000,9
Vihaan Malhotra,LKG,5,82,32000,30000,7
Sara Kapoor,LKG,4,97,32000,25000,10
Yash Sharma,UKG,5,90,35000,35000,8
Tara Verma,UKG,5,96,35000,30000,10
Aryan Gupta,UKG,6,73,35000,18000,6
Ira Singh,UKG,5,88,35000,35000,9
Kiaan Kumar,UKG,6,81,35000,25000,7
Navya Mehta,UKG,5,94,35000,35000,9
Rudra Patel,UKG,6,67,35000,15000,5
Avni Joshi,UKG,5,91,35000,28000,8
Dev Malhotra,UKG,6,79,35000,22000,7
Aadhya Kapoor,UKG,5,98,35000,35000,10